absentminded absentmindedly abstemious abstemiously abstemiousness acetyl acetylene adsorb adsorbs adsorbed adsorbing adsorbtion adsorbable adsorber adulterate adulterates adulterated adulterating adulteration adventitious adventitiously adventitiousness afterbirth agate agates agronomist agronomic agronomical agronomically agronomy ague aguish ahoy airbag airbags airbrush airbrushes airbrushd airbrusing alimony alimonies alpaca altimeter altimeters amanuensis amanuenses amerindian amerindians ammonite ammonites ammonitic amniotic amnionic amortise amortises amortised amortising amortisation amortize amortizes amortized amortizing amortization amphora amphoras amphorae anchorman aneurysm aneurysms animism animist animistic annular anode anodes anomie anomy anomic anoxic anoxia antediluvian antediluvians anthracite anthrax aorta aortas aortae aortic apoplectic apoplectically apoplexy aquarian aquarians arabesque arabesques arboreal arboreally arcadia arcadian archaism archaisms argon argot armadillo armadillos armageddon armature armatures arrogate arrogates arrogated arrogation aseptic aseptically asperity asperities asphyxiate asphyxiates asphyxiated asphyxiating asphyxiation asphyxia aspidistra astigmatic astigmatism atelier ateliers auger augers aureole aureoles babel baccarat badlands bagel bagels balsa balsam bam bams banns bantamweight bap baps bard bardic batik batiked bazooka bazookas beachcomber beatnik beatniks behemoth behemoths belladonna belvedere belvederes benzodiazepine besmirch besmirches besmirched besmirching bespoke bestiary bestiaries bestir bestirs bestired bestirring bigamy bigamist bigamists binomial bionic bionics bionically blab blabs blabbed blabbing blabber blackguard blackguards blanch blanched blanching blarney blazon blazonry blitzkrieg blub blubs blubbed blubbing bluebottle bluebottles bole boles bombardier bombardiers bongo bongos bongoes bongoist bonnie bonny bonnier bonniest bonnily bootstrap bootstraps bootstrapped bootstrapping bordeaux boron boronin bosun bos'n bo'sun bouffant bougainvillea bougainvillaea bounder bounders bounderish bozo bozos brawl brawls brawled brawling brawler breadline breadlines breathalyse breathalyses breathalysed breathalysing breathalyser brickbat brickbats brier bronco broncos broncho bronchos browbeat browbeats browbeaten browbeat browbeats browbeating browbeaten brut buckskin buckskins bucolic bucolically bumble bumbles bumbled bumbling bumbler bumblers bumble bumbles bumbleed bumbling bumbler bummer bummers bumph bumf bumpkin bumpkins bumpkinish bumpkinly bumptious bumptiously bumptiousness bungee bungees bunsen bur burs burr burrs bute butes butyl cachet cahoots cajun cajan caliper calipers calliper callipers calvinist calvinistic calvinism camber cambered cambering cambric canape canapes canker cankers cankerous canticle canticles carbide carbides carbine carbines carbuncle carbuncles carotid carouse carouses caroused carousing cashew cashews castanet castanets casuist casuistry catatonic catatonically catatonia catchword catchwords cellulose censer censers centipede centipede centipedes centrefold centrefolds centripetal centripetally cerebrospinal cesspit cesspits chandler chandler chandlery charabanc charabancs charnel chartreuse chary charier chariest charily chariness chatterbox chatterboxes cheroot cheroots chiaroscuro chiaroscuros chicory chickory chicories chickories chignon chignons chilblain chilblains childrearing chiropractic chiropractor choleric cholerically chump chumps cilia cinch cinches cinched cinching circadian citric clack clacks clacked clacking clack clacks clacked clacking clacker clackers clamor clamorous clamorously clamorousness clank clanks clanked clanking clankingly clapboard clapboards clapboarded clapboarding clawback clawbacks cleat cleats cockatoo cockatoos coddle coddles coddled coddling codex codices codger codgers coleslaw colloquium colloquia colloquiums colostomy colostomies combinatorial combinatorially comeuppance comfrey conch conches conchs concierge concierges condiment condiments condominium condominiums condo condos conger congers conquistador conquistadors contiguity contusion contusions copycat copycats copywrite copywrites copywriting copywritten copywriter corpuscle corpuscles corpusclular corral corrals corsage corsages couscous crankshaft crankshafts craw craws creosote crummy crummie crummier crummiest cubbyhole cubbyholes cud cufflink cufflinks curlicue curlicues curragh curraghs curtsy curtsies curtsied curtsying curtsey curtseys curtseyed curtseying cutlass cutlasses cyclamen cygnet cygnets dada dadaist dadaism debutant decathlon decathlons delectation delphic delphically demotic denature denatures denatured denaturant denaturing dentition deoxyribonucleic derogate derogates derogated derogating derogation derogative derogatory desperado desperados desperadoes deuce deuces diachronic diachronically diadem diadems diaphanous diaphanously diaphanous diehard diehards diehardism dike dikes dingle dingles dingled dingling dippy dippier dippyiest dippiness dipstick dipsticks disport disports disported disporting disquisition disquisitions distaff distaffs docket dockets dogwood dong dongs dopamine doss dosses dossed dossing dosser dossers downbeat downmarket dowse dowses dowsed dowsing dowser dowsers douse douses doused dousing douser dousers drat dratted drib dribs dryad dryads ducat ducats ductile ductileness ductility dullard dullards dyspeptic dyspeptically dyspepsia earthling earthlings edify edifies edified edifying edification egghead eggheads egress egresses elderberry elderberries electrocardiogram electrocardiograms ellipsis ellipses elysian embrasure embrasures emend emends emended emending emendation emetic emetically emollient emollients encomium encomiums encomia endorphin endorphins entomology entomologist entomologists epigraph epigraphs epiphany epiphanies epiphanous epiphanic epiphanically equilateral erogenous escutcheon escutcheons espadrille espadrilles evensong evensongs excoriate excoriates excoriated excoriating excoriation expat expats expatiate expatiate expatiates expatiated expatiating expatiation expiate expiates expiated expiating expiation extemporaneous extemporaneously extempore extirpate extirpates extirpated extirpating extirpation extirpator extramural extramurally eyelet eyelets factotum factotums fanny fannies farrago farragoes faze fazes fazed fazing fedora fedoras feisty feistier feistiest feistiness fellatio ferrule ferrules ferruled fez fezzes fezes fezzed fishwife fishwives fisticuff fisticuffs fixative flagellate flagellates flagellated flagellating flagellation flipside floret florets flume flumes flummox flummoxes flummoxed flummoxing flunk flunks flunked flunking flunkey flunkeys flunkie flunkies flunky fluted fluting fondu fondus fondue fondues foresake foresakes forsook foresaking foresaken forsythia fortissimo fraternize fraternizes fraternized fraternizing fraternise fraternises fraternised fraternising fratricide fratricidal fratricidally frazzle frazzles frazzled frazzling frazzler freelance freelances freelanced freelancing freelancer freelancers frippery fripperies frisbee frisbees fug fuggy fuggier fuggiest furl furls furled furling unfurl infurls infurled unfurling fusillade fusillades gab gabs gabbed gabbing gabber gaberdine gadfly gadflies gaiter gaiters gallium gallivant gallivants gallivanted gallivanting gambol gamboled gambolled gamboling gambolling gander gastroenteritis gavel gavels gecko geckos geckoes geisha geishas gelatinous gelatinously gelatinousness genuflect genuflects genuflected genuflecting gerontology gerontological gerontologic gerontologist gesso gessos gessoed geste gestes gestural gesturally gimcrack gimcrackery gimlet gimlets ginseng gizmo gizmos gismo gismos gizzard gizzards glaucoma glaucous glaucousness glitch glitches glycogen glycol gobsmacked godhead gonad gonads goner goners gordian gorgon gorgons goulash goulashes granulate granulates granulated granulating granulation gratis graven greasepaint griddle griddles gridiron grindstone grindstones grommet grommets guano guava guff guildhall guildhalls gumption gunge gunslinger gunslingers gunsmith gunsmiths gunsmithing gunwale gunwales gunnel gunnels gyroscope gyroscopes gyroscopic gyroscopically hackney hackneys hackneyed haematology haematological haematologist hematology hematological hematologist hagiography hagiographer hailstone hailstones hake halberd halberds hallelujah hallelujahs handmaid handmaiden haversack haversacks headhunt headhunts headhunted headhunting headhunter headhunters heist heists hemlock hemlocks henna hennas hennaed hennaing herbivorous heretofore hermeneutic hermeneutical hermeneutically hermeneutics heterodox heterodoxical heterodoxically hibernian hibernians hick hicks hickish hippocratic hipster hipsters hitchhike hitchhikes hitchhiked hitchhiking hitchhiker hobgoblin hobgoblins hobo hobos hoboes hogmanay homeopathic homeopathically homeopathy honeydew honeydews honorarium honorariums honoraria hornpipe hotshot hotshots hullabaloo hullabaloos hummock hummocky hunker hunkers hunkered hunkering hydrant hydrants hypertrophy hypertrophies hypertrophic hypertrophically hypochlorite hypothalamus ibis ibises identikit identikits igloo igloos ignoramus ignoramuses ignorami imbed imbeds imbedded imbedding impasto impastos impastoed impedimenta implode implodes imploded imploding implosive importune importunes importuned importuning importunate inboard incubus incubuses incubi ineluctable ineluctably ineluctability ingenuous ingenuously disingenuous disingenuously insectivore insectivores insectivorous intaglio intaglios introvert introverts introverted introversion inure inures inured inuring inurement irruption irruptions isosceles janitor janitors janitorial jetsam jiffy jiffies jingoist jingoists jingoism jingoistic jingoistically jock jocks kelp kerchief kerchiefs kerchiefed keystroke keystrokes kingpin kingpins kirsch kitbag kitbags knickerbocker knickerbockers koala koalas labile lability lackadaisical lackadaisically laudanum layoff leitmotif leitmotifs leitmotiv leitmotivs lemur lemurs libation libations libationary lilt lilts lilted lilting lisp lisps lisped lisping lisper livery liveried loggia loth louche louvre louver louvred louvered lovelorn lovelornness lucre lumpen lupus macaw macaws madonna madonnas madonnae malachite manacle manacles mancunian mancunians manilla mantis mantises mantes maquis maquisard marjoram marl marlin marmite marshmallow marshmallows marxian marxians matriarch matriarchs matriarchal matriarchally melamine melange melanges melanin mellifluous mellifluously mellifluousness midden middens mien millenarian millenarians millenarianism mimosa mimosas mistral moccasin moccasins moiety moieties moleskin moleskins mollycoddle mollycoddles mollycoddled mollycoddling mollycoddler molybdenum mongoose mongooses mongeese monotheistic monotheistically monotheism mooch mooches mooched mooching moocher moraine moraines morainal morainic mordant mordants morse mozzarella muezzin muezzins mullet mullion mullioned mumps mustang mustangs mutt mutts muzak myeloma myelomas myelomata myelomatous myrrh nark narks narc narcs narked narking naturism naturist neigh neighs neighed neighing neophyte neophytes neoprene nerd nerds nerdy nerdish nerdishness newel newels newshound newshounds newsstand newsstands nihilist nihilistic nihilistically nihilism ninny ninnies nipper nippers nisi noggin noggins noisome noisomely noisomeness nosh noshes noshed noshing nosher nostrum nostrums novella novellas novelle nugatory nuncio nuncios nutcase nutcases obscurantist obscurantism obstreperous obstreperously obstreperousness occident occidental occipital occiput octogenarian octogenarians oddment oddments oleander oligopoly oligopolies oligopolist oncology oncological oncologic oncologist oodles ophthalmology ophthalmological ophthalmologic ophthalmologically ophthalmologist organdy organza organelle organelles ormolu oscilloscope oscilloscopes oscilloscopic oscilloscopically ostler ostlers hostler hostlers overweening overweeningly oystercatcher oystercatchers paladin paladins palimpsest palimpsests pannier panniers pantaloons panzer papaya paprika parabola parabolic parabolically parakeet parakeets parallax parallelogram parallelograms paramour paramours paraplegic paraplegia parley parleys parleyed parleying participle participles parvenu parvenus patisserie patisseries patty patties pawnshop pawnshops pebbled pebbleds pebbled pecan pecans pellucid pellucidly pendulous pendulously pendulousness penitent penitential penitentially penitence penitentiary pent penumbra penumbras penumbrae perdition perfidious perfidiously perfidy peritonitis peroration pessary pessaries pesto philistine philistines philistinism philological phonic phonically phonics phony phonier phoniest phonyness phoney phoneyness picaresque piccolo piccolos piccoloist pidgin pidgins piebald piggyback piggybacks piggybacked piggybacking pinafore pinafores pinny pinnies pinball piton pitons plangent plangently plantain plenipotentiary plenipotentiaries pleurisy plexiglass ploughshare ploughshares poinsettia poinsettias polecat polecats polygamist polygamists polygamize polygamise polygamy polyglot polyglots polymath polymathic polymathy polymorphic polymorphically polymorphism pommel pommels pommeled pommelled pommeling pommelling pontif pontifical pontifically pontiff pontiffs pooch pooches poochy portakabin portakabins portcullis postern posterns potable potability pottage preeminent preeminently preeminence primogeniture prissy prissier prissiest prissily prissiness privateer privateers proboscis proboscises profiteer profiteers profiteered profiteering progesterone prognosticate prognosticates prognosticated prognosticating prognostication prognosticator prognosticators propinquity proscenium prosceniums proscenia protozoon protozoa ptolmaic pubescent pubescence puce puckish puckishly puckishness pudgy pudginess puerile puerilely puerility pukka pucka puree pureed purser pursers pustule pustules pyrex pythagorean quarryman quarrymen quatrain quatrains quiff quiffs quoit quoits raffia raffish raffishly raffishness railhead railheads rapacious rapaciousness rapacity rarefy rarefies rarefied rarefying rarefication rattan recondite reconditely reconditeness reeve reeves refit refits refitted refitting reflexology regicide regicidal rentier rentiers reprobate reprobates retrench retrenches retrenched retrenching retrenchment retrogress retrogresses retrogressed retrogressing retrogressive retrogressly retrogressness reveille reveilles rheumy rhizome rhizomes rhizomic riband ribands rickets rill rills ringworm rookery rookeries rotunda rowan rubella ructious ructiousness ruction runt runts runtish runtiness runty saccharin sackcloth sacristy sacristies saltpetre salve salves samba sambas sangria sashay sashays sashayed sashaying sassy sassier sassiest sass sauerkraut saxifrage scabies scabietic scarab scatty scattier scattiest scattiness schmaltz schmalz schmaltzy schnapps scimitar scimitars sconce sconces scrumpy seesaw seesaws seesawed seesawing seigneur seigneurs seigneurial selenium semolina sententious sententiously sententiousness seraph seraphs seraphim seraphim seraphims seraphic seraphically serviette serviettes shekel shekels sherbet sherbert sherpa sherpas shiite shiites shindig shindigs shipshape sienna simian sion sisal sitar skinflint skinflints skinflintish skinful sleigh sleighs sleighride slough sloughs smarmy smarmier smarmiest smarmily smarminess smokestack smokestacks smoothie smoothy smoothies snot snotty snotty snottier snottiest snottily snottiness soapbox soapboxes socratic socratically soiree soirees solitaire sombrero sombreros sommelier sommeliers somnolent somnolently somnolence soothsayer soothsayers sophist sophists sophistry sophism sorghum sot sots soubriquet soubriquets souk souks suq suqs spectroscope spectroscopic sphagnum spick spicks spinney spinneys splat splats splatted splatting spliff spliffs splurge splurges splurged splurging splurger spoor spoors sporran sporrans spunk spunky squirearchy squirarchy squirearchies squirarchies stagflation stagflationary stalagmite stalagmites stalinism stalinist stalinists stamen stamens stanchion stanchions steerage stein steins stepwise stereoscope stereoscopes stereoscopic stereoscopically stetson stetsons stevedore stevedores stowaway stowaways straightjacket straightjacketed strongroom strontium strychnine stygian styx stymy stymie stymies stymied stymying stymieing styrofoam sublimate sublimates sublimated sublimating sublimation subvention subventions subventionary sundae sundaes supernumerary supernumeraries suppliant suppliants suppurate suppurates suppurated suppurating suppurative suppuration sushi swaddle swaddles swaddled swaddling swain swains swainish swainishness swanky swankier swankiest swankiness swank swanker swashbuckle swashbuckles swashbuckled swashbuckling swashbuckler swashbuckling swashbuckler swath swathe sweepstake sweepstakes swot swots swotted swotting swotter sybaritic sybaritically sybaritism sycophant sycophants sycophantic sycophantically sycophancy sylvan tamarisk tamarisks tandoori taoist taoism tapeworm tapeworms taramasalata tastebud tastebuds taxidermy taxidermist taxidermists teflon telemetry telemetric telemetrically terrapin terrapins tetrachloride theocracy theocracies theocratic thespian thespians thickset thumbscrew thumbscrews tinfoil toady toadies toadied toadying toilette tomahawk tomahawks tosser tossers toucan toupee toupees townhouse trattoria trattorias traumatise traumatises traumatised traumatising traumatisation traumatize traumatizes traumatized traumatizing traumatization treadle treadles treadled treadling trefoil trefoils trigonometry triptych triptychs trollop trollops trope tropes troth trousseau trousseaus trousseaux turbot turbots turmeric turps tussock tussocks tutu tutus twaddle twerp twerps twerpish twerpishness twerpishly ultramarine utero vainglorious vaingloriously vainglory valkyrie valkyries vaudeville vaudevillean vaudevilleans vegetate vegetates vegetated vegetating velcro verbose verbosely verbosity verboseness verger vergers veritable verily verity verities verso vesper vespers werewolf werewolves whirligig whirligigs whodunnit whodunnits wildebeest wildebeests winnow winnows winnowed winnowing winnower wisecrack wisecracks wodge wodges woebegone woebegoneness wok woks wop wops xylophone xylophones yardage yiddish yokel yokels yonks yuck yucks yucked yucking yucker yule yuletide zeitgeist zeitgeists zephyr zilch