abase abased abasing abasement abnegate abnegated abnegating abnegation acerbic acerbity addle addled addling adenoid adenoidal adenoids adieu adieus adieux adrenal adrenaline adulate adulator adulating adulates adulated adulation adulatory adventist adventism adze adzes aerodynamic aerodynamics aerodynamical aerodynamically aetiological aetiologically etiological etiologically afferent afferently afrikaans aftershock aggrandize aggrandizes aggrandized aggrandizing aggrandizement aggrandise aggrandises aggrandised aggrandising aggrandisement agora agoras agorae airplay albumen algonquin alkyl alliterate alliterates alliterating alliteration alliterative alluvium alluvia amaryllis amatory ambulant ambulatory ampersand ampersands ampoule ampoules ampule ampules anaphoric anaphora anatolian anatolians andante anglicise anglicises anglicised anglicising anglicisation anglicize anglicizes anglicized anglicizing anglicization anglophone anglophones anima anklet anklets antacid antacidic anteater anthropogenic anthropogenically antichrist anticlerical anticlericalism antigen antigenic antigenically antigenicity antiphon, antiphony antipodes antipodean apropos aramaic armorial armorially arrowroot artisan artisanal artisanship asphyxiate asphyxiates asphyxiated asphyxiating asphyxiation asphyxia assonant assonantal assonance astrophysics astrophysicist asymptote asymptotic asymptotically atonal atonality atonally atonalism autarchy autarchic autocrat, aurocrats, autocratic, autocratically avocet avocets awestruck, awestricken azimuth azimuthal azimuthally backbite backbites backbit backbitten backbiting backbiter backgammon badinage baedeker baedekers bagatelle bagatelles bail bailee bailiwick bailiwicks ballyhoo baloney bandana bandanas bandanna bandannas bandolier bandoliers bandoleer bandoleers bankroll bankrolls bankrolled bankrolling bantustan banyan banyans bareback barefaced barefacedly barracuda barracudas barrio barrios bashful bashfully bashfullness basilisk basilisks basset bassets bathetic bathetically bathos beatify beatifies beatified beatification beatitude becalm becalms becalming becalmed bedbug bedbugs beefcake beefcakes beefeater beefeaters beget begat begetter begot begotten begone belabour belabours belaboured belabouring belabor belabors belabored belaboring belay belays belayed belaying bemuse bemuses bemused bemusing bemusedly bemusement bentwood beryllium bestride bestrides bestrode bestriding betel bevel bevels bevvy bevvies bevy bevies bibliophile bibliophiles bibliophilic bibliophilism bibliophily bibliophilia biff biffs biffed biffing bifocal bifocals bifurcate bifurcating bifurcates bifurcated bifurcation bight bights bilharzia bilharzial bimodal bimodality biopic biopics biosynthetic biosynthetically biosynthesis bipartite bipartitely bipartition bisque bisques bittern bitterns blackhead blackheads blackjack blackleg blacklegs blather blathers blathered blathering bleacher bleachers blimp blimps blindside blindsided blindsiding blistering blisteringly bloodlust blubber blubbers blubbered blubbering bluetit bluetits blunderbuss blunderbusses bodybuilder bodybuilders bodybuilding bondsman bondsmen bondswoman bondswomen bonemeal bong bongs bonged bonging bonk bonked bonking bookworm bookworms boomer boomers bootleg bootlegs bootlegged bootlegging bootlegger bordello bordellos botulism bouillabaisse bouillon bowsprit boxwood brae braes brahman brahmin brahmans brahmins brahmaninc brahmanical brahmanism braise braised braising braise braises braising braised braising breaststroke breccia breviary breviaries brie brio briquette briquettes broadband brocade brocaded broil broils broiled broiling bromine brouhaha brouhahas buckram bulimic bulimia bullfinch bullfinches bulrush bulrushes bunkum burlesque bylaw bylaw cabernet cabriolet cabriolets caesura caesurae caesuras caftan caftans calamine calcify calcifies calcified calcifying calcification caliph caliphal caliphate calorimeter calorimetric calorimetry calorimetically calyx calyxes calyces cantilever cantilevered cantonment cantonments cantor cantors caparison caparisoned caper capers capo capos capon capons caraway cardamom cardiology cardiological cardiologist careworn carotene carrycot carrycots caryatid caryatids casanova casanovas case cases cased casing cassava castrato castrati cauterise cauterises cauterised cauterising cauterisation cauterize cauterizes cauterized cauterizing cauterization cavil cavils caviled cavilled caviling cavilling caviler caviller cayenne cephalopod cephalopods cerebrovascular cesspool cesspools chard chargehand charwoman charwomen cheapskate cheapskates checkmate checkmates checkmated checkmating cheep cheeps cheeped cheeping cheesecloth cherokee cherokees cherokee cherokees chicane chicanery chihuahua chihuahuas chinchilla chinchillas chino chinos chinwag chinwags chinwagged chinwagging chipmunk chipmunks chlamydia chloroplast chloroplasts chow chows chowed chowing chronometer chronometers chutzpah chutzpa hutzpah cinematographer cinematographers cinematography cirrus civet civets clank clanks clanked clanking clavicle clearcut clearcutting clearcuts clement inclement co-opt co-opts co-opting co-opted cockfight cockfights cockfighting cocksure codpiece coextensive coextensively cognisant cognizant coif coiffed coiffure cointreau coitus coital coi colloquy colloquies commensurate commensurately incommensurate incommensurately commensurate commensurately incommensurate incommensurately commutate commutates commutated commutating commutation concordant concordantly confluent confluently conga congest congests congested congesting congestive congestion congruous congruent congruously congruently congruity incongruous incongruent incongruously incongruently incongruity conk conks conked conking conker consanguinity consanguinities constructivism contretemps convolvulus coon coons coquette coquettes coracle coracles corgi corgis corniche corniches cortisone corvette corvettes costermonger costermongers costermongering costumier costumiers counterfoil counterfoils counterpoise countersink countersinking countersunk coverall coveralls covet coveting coveted covetousness cowl cowls cowling cowled crabby crabbed crabbier crabbiest crabbiness crenellate crenellated crenellating crenellation crepuscular crepuscularly cretin cretins cretinous cretinism crossbones croupier croupiers crud cruddy cruet cubby cubbyhole cuckold cuckolding cuckolded cumbrous cumbrously cumbrousness cummerbund cummerbunds cumulate cumulated cumulation cumulative cumulate cumulated cumulative cumulation cuneiform cutaneous cutaneously subcutaneous subcutaneously cuttlefish cybernetic cybernetics cybernetically cyclops cyclopes cyclopean cyrillic cytology cytological dachshund dachshunds daffy daffier daffiest dafily daguerreotype daguerreotypes dalmatian dalmatians dateline datelines dauntless dauntlessly debrief debriefs debriefed debriefing decease deceased deerstalker deerstalkers defibrillate defibrillator defibrillation deflower deflowers deflowered deflowering deflowerer defoliate defoliates defoliated defoliant defoliants delft demagogue demagogy demagoguery demerara derrick derricks descant desideratum desiderata despoil despoils despoiled despoiling despoliation desuetude determiner devilment devilry dhow dhows dialectic dialectics dialectical dialectically diaper diapers diarrhea diarrheal diarrheic diarrhetic diastolic diazepam digitalis dildo dildos dildoes dionysian dirk dirks disbar disbars disbarred disbarring disbarment disjunct disjuncts disjunctive disjunctively disrobe disrobes disrobing dissonant dissonantly dissonance divertimento divertimenti divot divots dolmen dolmens dolt dolts doltish doltishly doltishness doppelganger doppelgangers dormouse dormice dory dories doss dosses dossed dossing dosser downhearted downheartedly downheartedness dragnet dragnets drivel driveled drivelled driveling drivelling driveler dropsy dudgeon dulcimer dulcimers dunghill dunghills dyad dyadic dyadically dyad dyads dyadic dyadically ecclesiastic ecclesiastical effeminate effeminately effluvia effluvium egret egrets elastoplast elastoplasts electroencephalogram electroencephalograms electroplate electroplates electroplated electroplating embolism embolismic embryology embryological emulsify emulsifies emulsified emulsifying emulsification encephalitis encephalitic encrypt encrypted encrypting encryption encyclical encyclicals endive endives enervate enervates enervated enervating enervation engorge engorges engorged engorging engorgement entomology entomological epidural episcopalian episcopalians episcopalianism equilibrate equilibrates equilibrated equilibrating equilibration equivocate equivocates equivocating equivocated equivocator equivocation equivocal equivocally eschatology eschatologies eschatological eschatologically espy espied espying ethane ethnocentric ethnocentricity ethnocentrism ethnology ethnological ethnologist euclidean eugenic eugenics eugenically euphony euphonies euphonic euphonically evangelising evangelizing evangelist evangelism eviscerate eviscerates eviscerated eviscerating evisceration excelsior exculpate exculpates exculpated exculpating exculpation execrable execrably execrableness exiguous exiguously exiguousness extenuate extenuates extenuated extenuating extenuation extraterrestrial exudate facia factious factiously factiousness factitious factitiously factitiousness fandango fandangos farfetched farsighted farsightedly fauna faunal faustian fetid fetlock fetlocks fife fifes filibuster filibustering filibusters filibuster filibusters filibustered filibustering fiord fiords fissile fissility fissiparous fissiparously fissiparousness flack fledgeling fledgelings fledgling fledglings fleshpot fleshpots flexion fogey fogeys fogeyish fogeyism fogy fogys fogyish fogyism folic formic forswear forswore forsworn forswearing fractal frangipani frangipanni frazzle frazzled frazzling freefall freehand freestanding freewheeling frizz frizzy frizzed frump frumpy frumpish fumigate fumigates fumigated fumigating fumigation fumigator funicular furlough fustian fusty fustier fustiest fustily fustiness futon futons gael gaels gaga galena galosh galoshes galvanic gameboy gameboys gamesmanship gardenia gargle gargles gargleed gargling gastroenterology gastroenterologist gastronomy gastronomical gaucho gawk gawks gawked gawking gawky gawkier gawkiest gazump gazump gazumping geek geeks geeky geekiness gelatin gelatins gelatininous germanium ghee giblet giblets gigolo gigolos ginormous glazier glaziers glaziery glitterati gloaming glob globs glottal glottis glycerol glycine gnash gnashes gnashed gnashing gnostic gnosticism goatee goatees gobbledygook goof goofs goofed goofing goofy gopher gophers grebe grebes griffon griffons gringo gringos gringoes grog grotto grotto grottoes grouper guesstimate guesstimates guesstimated guesstimating gumbo gumbos gurkha gurkhas gusset gussets gymkhana haberdashery haberdasher haemorrhage haemorrhages haemorrhaged haemorrhaging haemorrhagic hemorrhage hemorrhages hemorrhaged hemorrhaging hemorrhagic haiku hairnet hairnets hairpiece hairpieces halal halitosis hallow hallows hallowed hallowing halyard halyards hangover hungover hansom hansoms hashemite hashemites hasp hasps hassock hassocks hawser hawsers hearken hearkened hearkening hector hectors hectored hectoring heterogenous heterogeneous heterogenously heterogeneously heterogenousness heterogeneousness hellenism hellenist hellenistic hex hexes hickory hickories hieroglyphic hieroglyphical hieroglyphically highchair highchairs highrise highrises hindi hippodrome hippodromes hireling hirelings hirsute hirsuteness histrionic histrionics histrionicaly hobbesian hobbesianism hobnob hobnobs hobnobbed hobnobbing hobnobber hokum homeostasis homeostatic homeostatically homeostatic homeostatically homeostasis homespun hominid homoerotic homoeroticism homogenize homogenise homogenized homogenised homogenizes homogenises homogenizing homogenising homonym homonyms homonymic homonymous homophone homophones homophonous honky honkey honkys honkeys honkies hooch hoopla hornbeam hornbill hosta howsoever huckster hucksters hucksterism humdinger humdingers humerus hydrofoil hydrofoils hydrology hydrologic hydrologically hydrologist hydrolysis hydrolytic hydrolytically hymen hymens hymenal hypermedia hyperventilate hyperventilation hyperventilating hyperventilates hyperventilated hypochondriac hypochondria hypoglycaemic iambic ibex ibexes ideogram ideogramic ideogrammic ideogrammatic idiolect idiolectal imbroglio imbroglios impala impalas impetigo imposture impostures incommunicado ineluctable ineluctably ineluctability inglenook inglenooks instantiate instantiates instantiated instantiating instantiatin intercalate intercalates intercalated intercalating intercalation intermarry intermarries intermarried intermarriage interpol inuit inuits isometric isometrically isomorphic isomorphically isomorphism jabber jabbered jabbering jabberer jinx jinxes jinxed joule joules judder judders juddered juddering judicature kale kaolin kaput kedgeree kerfuffle kerfuffles kevlar kibbutz kibbutzes kilobyte kilobytes kinfolk kinfolks kith kooky kookie kookier kookiest kookiness kraut krypton lampoon lampoons lampooned lampooning landau landaus langoustine langoustines lank lankly lankness lanolin laparoscopy laparoscopic laparoscopist lapwing lapwings largo lasso lassoer launder laundered laundering laundery leapfrog leaven leavens leavened leavening leery leary leitmotiv leitmotif lexicography lexicographer lexicographic lexicograpically lieder ligature lilliputian lilliputians limbic linden liniment liniments liverwort lobotomy lobotomies lode lodes lodestone loadestone lodestones loadestones lollope lollopes lollopeed lolloping loofah loofahs luffa luffas looseleaf lothario lotharios lowdown lubricious lubriciously lubriciousness luddite luddites lugworm lumbago lychee lychees macrocosm macrocosmin macrocosmically maidenhair maidenhead maidenheads majorette majorettes makeweight makeweights malarkey malarky malinger malingers malingered malingering malingerer mambo mambos mammary mammon mange manikin manakin mannikin mannequin manikins manakins mannikins mannequins maquette maquettes marge marges markup marmoset marmosets marmot marmots masala masticate masticates masticated masticating masticator mastitis matzo matzoh matzos matzohs medicate medicates medicated medicating medication medico mendacious mendaciously mendaciousness mendacious mendacity mendelian mendelist mendelism mendicant mendicants merganser mergansers mesopotamian mesopotamia mestizo mestizos metonymy metonymies metonymic metonymical micrometer micrometers midships mig migs millpond millponds millwright millwrights mimetic mimesis mindset mindsets misanthrope misanthropes misanthropic misanthropically misanthropy miscegenate miscegenates miscegenating miscegenation moire mojo mojos mojoes moll molls monger mongers monkfish moonshine moonshines morel morels mortice mortise mortices mortises mosey moseys moseys moseying motherfucker motherfuckers moulder moulders mouldered mouldering mountebank mountebanks moussaka mousaka muff mummer mummers mummery munificent munificence munificently muscatel muscatels mutable mutably mutability nanometre nanometer nanometres nanometers naphtha natty nattily nautilus nautiluses nautili neckerchief neckerchiefs neckerchieves negligee negligees neglige negliges neologism neologistic neologistically neuralgia neuralgic neuralgically neuroscience neurosurgery neurosurgeon neurosurgeons newfangled newfangledness newspeak nihilist nihilists nihilistic nihilism nimby nimbys nimbies nimbyism nitroglycerine nitroglycerin nosedive nosedives nosedived nosediving numismatic numismatically numismatics nuthatch nuthatches nymphomaniac nymphomaniacs nymphomania oaf oafs oafish oafishly obloquy obloquies obsequious obsequiously obsequiousness occlude occluded occluding octane octogenarian octogenarians okra onomatopoeic onomatopoeical onomatopoetic onomatopoetical onomatopoeia onyx oomph opalescent opalescence operationalise operationalises operationalising operationalizes operationalizing operationalize operationalism operationalist orangutan orangutans origami orphic orphically orwellian oryx oryxes ossify ossified ossification ossify ossifies ossified ossifying ossification osteoarthritis osteoarthritic osteopath osteopaths osteopathic osteopathically osteopathy ouija ouijas outrigger outriggers oviduct oviducts oxtail paella palomino palominos palpate palpates palpated palpating palpation pandemic pandemics panegyric panegyrical panegyrically panegyrics panjandrum panjandrums pantheist pantheistic pantheistical pantheism papist paramedic paramedical paramedics parasitologist parasitology parthenogenesis parthenogenic parthenogenetic parthenogenetically parturition pasteurise pasteurised pastille pastilles pastrami paterfamilias patrilineal patrilineally patristic patristical peccadillo peccadillos peccadilloes pectin pediment pediments pedimental pedimented peewit peewits perambulate perambulates perambulated perambulating perambulation peregrinate peregrinates peregrinated peregrinating peregrination perineum perinea perineal periscope periscopes peritoneal peritoneally peritoneum peritoneums periwinkle periwinkles pernickety persnickety perspicacious perspicaciously perspicaciousness perspicacity perspicacious perspicaciously perspicacity pertinacious pertinaciousness pertinacity pesky peskier peskiest pharaonic pharmacopoeia pharmacopoeial pharmacopeia pharmacopeial pharynx pharyngeal philander philanders philandered philandering philanderer philatelic philately philatelist phonograph phonographs photomontage photomontages photovoltaic phrenology phrenological phrenologist phylum phyla pica piddle piddles piddled piddling pigskin pigskins pilfer pilfers pilfered pilfering pilferage pilferer pilferalble pilferproof pineal pinot pipedream pizzicato plainsong plaint plaints platypus platypuses platypi playoff playoffs plutocrat plutocrats plutocratic plutocracy pock pocked pockmark pockmarked polygamous polygamously polygamy polygraph polygraphs polygraphic polysyllabic polysyllabically polytheist polytheism polyunsaturate polyunsaturated polyunsaturated polyunsaturates poofter poofters poop poops pooped poopping popinjay popinjays poplin positron positrons postmark potpourri pouffe pouffes prang prangs pranged pranging prate prates prateed prating pratingly prebend prebendal prebendary preconceive preconceives preconceived preconceiving preconception preconceptions prefatory prehensile prehensility prepossessing preternatural preternaturally preternaturalness priapism priapic printmaker printmaking privateer probative proconsul proconsular proconsulate proconsulship profiterole proforma prognose prolapse prolapse prolapses prolapsed prolapsing propitiate propitiates propitiated propitiating propitiation prosciutto proselytize proselytise proselytising proselytisation prosodic prosodical prosodically prosody prosody prosodies prosodic prosodist prosthesis prostheses prosthetic protozoan prurient pruriently prurience ptarmigan ptarmigans pterodactyl pterodactyls pueblo pueblos pugilist pugilism pugilistic pugilistically pugilist pugilistic pugilism pulverize pulverise pulverized pulverizing pulverization punnet punnets pusillanimous pusillanimously pusillanimity pyrite pyrotechnics pyrotechnical pyrotechnically pyrotechnic quadrilateral quadrille quadrilles quadripartite quadruped quadrupeds quartzite quiche quiches quinquennial quinquennially quintuple quintuplet quintuplets quotidian qwerty raccoon raccoons racoon racoons radium ragwort ragweed raiment ramify ramifies ramifying ramification rapeseed rasta rastafarian rastafarians ratatouille ratatouilles raunchy raunchily raunchiness ravioli raviolis razorbill reboot reboots rebooted rebooting recant recants recanted recanting recantation recidivist recidivists recidivism recursive recursively recursion recusant recusants redneck rednecks rednecked redound redounds redounded redounding reefer reefers reify reifies reified reification remediate remediates remediated remediation reticulate reticulates reticulated reticulating reticulum retroactive retroactively retroactivity retrofit retrofitting rhenish rheumatology rheumatologic rheumatological rheumatologically rheumatologist rhinestone rhinestones ribald ribaldry riboflavin ricotta ringmaster ringmasters risotto rissole roan roseate roseately rosin rosins rosined rosin rosining ruckus ruminant ruminants runic rune runes sable sables sacral sagacious sago sagos salsa samosa samosas samovar samovars sarcoma satiate satiates satiation satiety satsuma saturnine savvy scallywag scallywags scapula scapulas scapulae scarify scarifies scarifed scarifying scarification scarper scarpers scarpered scarpering scatologicy scatological scatologically schadenfreude sciatic sciatica scientology scrag scrags scraggy scrivener scriveners scrunch scrunches scrunched scrunching sebaceous sebaceously sedulous sedulously sensitize sensitise sensitized sensitizes sensitizing sensitization sentient sentience sequoia serif serifs serifed seriffed sextant sextants shakedown shakedowns sharpshooter sharpshooters sharpshooting shellac shibboleth shibboleths shiftless shimmy shimmies shimmied shimmying shipwright shit shits shitting shat shitless shoo shooes shooed shooing shoo-in shuttlecock shuttlecocks shyster shysters sibilant sibilants simony simulacrum simulacrums simulacra singleton singletons sinusitis sissy sissies sissyish skillet skillets skittish skittishly skittishness slammer slammers slattern slatterns sled sleds slobber slobbers slobbered slobbering slobberer sloe smallholder smallholders smallholding smallholdings smidgen smidgens smooch smooches smooching smoocher smoochy snaffle snaffles snapdragon snapdragons sneer sneers sneered sneering sneeringly snicker snickers snickered snickering sniffle sniffles sniffled sniffling snivel snivels sniveled snivelling solipsist solipsistic solipsistically solipsism sop sops sopped sopping sopping soybean spandau spandrel speakeasy speakeasies speciate speciation spellbind spellbinding spellbound spermicide spermicidal spiffy spiffier spiffiest spiffiness spiff spiffed spigot spigots spittoon spittoons spritzer spritzers sprocket sprockets spry spryer sprier spryest spriest spryly spryness spunky squeegee squeegees squelch squelches squelched squelching squelchy squish squishes squished squishing standoffish standoffishly standoffishness stateroom stenographer stenographers stenographic stenographically stenography stentorian stepchild stepchildren stepson stepdaughter stepmother stepfather stereophonic stereophonically stopcock stopcocks streptococcus streptococcal streptomycin striate striates striated striating striation strimmer strimmers strim strims strimmed strimming stripling striplings strop strops stropped stropping strudel strudels strumpet strumpets stultify stultifies stultified stultifying stupefy stupefies stupefied stupefying stupefyingly stupefaction sublet sublets subletting substantiate substantiates substantiating substantiation subtend subtends subtending subtended sultanate sultanates superordinate superordinately suppository suppositories surefire svelte svelter sveltest sveltely svelteness swallowtail swallowtails swallowtailed swashbuckler swashbucklers sweetpea sweetpeas syllogism syllogisms syllogistic syllogistically synchronous synchronously synchronousness syncopate syncopates syncopated syncopation syncopating syncopation syncretism syncretist syncretistic syndicalist syndicalism syntagmatic syntagmatically taco tacos tagliatelle tailgate tailgates tailgated tailgating tailspin tailwind tailwinds talkback tampax tannic tannin tardy tardier tardiest tardily tare tartar tater taters tautology tautologous tautologously tectonics teensy teensier teensiest tempera tessellate tessellates tessellating tessellated tessellation tetracycline theodolite theodolites therapeutics thermocouple thermocouples thorium thrombus tibia tibiae tibial timpani tympani tizzy tizzies toboggan toboggans tofu tomfoolery tootle tootles tootled tootling tootler topcoat topcoats topiary topiaries topknot topknots toxicology toxicological toxicologically toyboy toyboys trachea tracheas tracheal traduce traduces traduced traducing traducer traduce trammel trammels trammeling transduce transduces transduced transducing transduction transponder transponders transubstantiation trimester trimesters troglodyte troglodytes troglodytic troglodytically troposphere tropospheric tsetse tsunami tsunamis tubule tubules tumbril tumbrils turbid turbidly turbidity turbidness turbocharge turbocharged turbocharger tutelary twitch twitchy twitchily tympanum typographic typographical typographically typography unbeknownst unbeknown unctuous unctuously unctuousness ungulate ungulates unilateral unilateralist unilateralists unilateralism unleavened unschooled uppercut uppercuts uric urology urologist vaporize vaporizes vaporized vaporizing vaporization vaporise vaporises vaporised vaporising vaporisation veggie veggies velveteen venial venially venialness verdure vermouth vermouths vestal vestals victual victuals vindaloo vindaloos viol viols virago viragos viragoes viraginous viscera visceral voluble volubly vroom wadi wadis wainscot wainscoting wainscotting wanderlust wannabe wannabes warlock warlocks warmonger warmongering washboard weathervane weathervanes weeny weenies weevil weevils weltanschauung weltanschauungs weltanschauungen whalebone whetstone whetstones whinny whinnies whinnying whizzkid whizzkids wholewheat whoopee whorl whorls whorled wimple wimples windbag windbags wineskin wineskins wishbone wishbones withal woad wombat wombats woodbine woodcock worrisome worrisomely worrisomeness xenon yahweh yeti yin yang yodel yodels yodeled yodeling yodelling yucca yuccas zig zag ziggurat ziggurats zip zippo zippy zippier zippiest zooplankton zoroastrian zoroastrians zoroastrianism