abaft abutilon acetabulum acetabulums acetabula acetabular acromegaly acromegalia acrostic acrostics acrostical acrostically acrylate acrylates actinic actinically actinism adduct adducts adducted adducting adduction adjuvant adjuvants adlib adlibs adlibbed adlibbing adrenergic adrenergically affiance affiances affianced affiancing afflatus affricate affricative afterburner afterburners afterword afterwords agave agaves agonist agonistic agonistically aikido airfoil airfoils airscrew alack alkalosis alkalotic alkyd allegretto aluminate amish amishman ammoniac ammoniacal ampulla ampullae ampullary amytal anaerobe anaerobes angiographic angiographically anguish anguishes anguished anguishing angulation anil animadvert animadverts animadverted animadverting animadversion anis anisette ankh ankhs ankylose ankyloses ankylosed ankylosis ankylose ankyloses ankylosed ankylosing ankylose ankyloses ankylosed ancylosis ancylose ancyloses ancylosed ancylosing annelid annelidan anomala anorectal anorectally anser ansers anther antheral antonym antonyms antonymic antonymous antonymy anzac anzacs apeshit aphasia aphasic aphasics apollonian arbutus archaebacteria archaebacterium archaeobacteria archaeobacterium archeobacteria archeobacterium archimandrite archimandrites archimedean arenaria argent argosy argosies arioso ariosos ariosoi armamentarium armamentaria armiger armigeral armigerous arminian arminianist arminianism arnica arsenide arsenides arteriography arteriographic aspartate aspartic assegai atresia augean autocad autocephaly autocephalous autochthonous autochthonously autogyro autogyros autogiro autogiros baglady bagladies bahai bahaism baksheesh ballgame bandeau bandeaus bandeaux bandicoot bandicoots barfly barflies barnstorm barnstorms barnstormed barnstorming bassinet bathymetry bathymetries bathymetric bathymetrical bathymetrically battlecruiser bechamel bellwether bellwethers berm berms bighorn bighorns biloba bindery binderies bindweed bindweeds bioassay bioassays bioassayed bioassaying biofuel biofuels biopolymer biosensor bioturbation bioturbated bipedalism birefringence birefringent blackwood blenny blennies blowback blowhole blowholes bluestone boche boches bodge bodges bodged bodging bodger bodycheck bodyshop bodyshops boilersuit boilersuits bombazine boneyard boneyards borane borscht borsch borsh borsht borshch boson bosons bosonic bottlenose bottlenoses bowerbird bowerbirds bowhead bowheads brainwave brainwaves bratwurst braze brazes brazed brazing brigantine brigantines bristlecone bristlecones brucellosis brucelloses bryophyte bryophytic buckeye buckeyes buckminsterfullerene buckminsterfullerenes buckshot burlap burro burros busboy busboys buskin buskins butadiene butterflyfish cabana cabanas caduceus caducei caffein caffeinated decaffeinated decaf calabash callisthenic callisthenics callus callused cantabile capsid capsids capstone capstones copstone copstones captopril caput carbachol carbamazepine carboy carboys cardiograph cardiographs cardiographic cardiography cardiorespiratory cardiothoracic carjack carjacks carjacked carjacking carjacker carjackers carob carobs carrefour carrefours cartage cassoulet catalpa catchpenny catechesis catecheses catechetical catena catenas catenae catgut cathexis cathexes cathodoluminescence cathodoluminescent catnap catnaps catnapped catnapping catnapper catnappers catnip catmint cenozoic centroid centromere centromeres centromeric ceramide ceramides cerement cerements chakra chakras chapbook chapbooks chapterhouse chapterhouses characin characid checkerboard chiasm chiasma chickweed chickweeds chiffchaff chiffchaffs chiffonier chiffoniers chipolata chipolatas chloramine cholinergic cholinergically chomskyan chomskian chorizo chorizos chromatogram chromatograms chromatograph chromatographer chromogen chromogenic chunter chunters chuntered chuntering chunterer chunterers circumambient circumambiently circumambulate circumambulates circumambulated circumambulating circumambulation citronella clavier clavierist clementine clementines climacteric clostridium clostridia cloudscape cloudscapes cloverleaf cloverleafs cloverleaves clownfish coadjutor coadjutors coagulopathy coccus cocci coccal cockatiel cockatiels cocksucker cocksuckers coelacanth coelom coeloms coelomata coelomate coelomic coiffeur coiffeurs coiffured cole coleus coliform collarbone collarbones collimate collimated collimating collimation colonoscopy colonoscopic colourfast colorfast commissure commissural compendious compendiously compendiousness conation conative concertino concertinos confabulator confabulate confabulates confabulated confabulating confabulation confabulatory confabulator confabulators confit confits contemn contemner contemnor contumacious contumaciously copal cosmogony cosmogonies cosmogonic cosmogonical cosmogonist cotyledon cotyledonary courseware cowpox crackerjack crepitate crepitated crepitating crepitation cresset cressets cribbage cryostat cryostatic cytogenetics cytogenetic cytogenetically cytogeneticist cytogeneticists cytometry daiquiri daiquiris dalmation dalmations damselfish damselfishes damselfly damselflies darkling darkle darkled deaminase declass declasses declassed declassing declassify declassified decoct decocts decocted decocting decoction defrock defrocks defrocked defrocking deictic demyelinate demyelinates demyelinated demyelinating demyelination dengue dephosphorylate dephosphorylates dephosphorylated dephosphorylating dephosphorylation desorb desorbs desorbed desorbing desorption dexamethasone diatomite diatomaceous dicker dickers dickered dickering diddly diddlysquat diddlyshit digestif digestifs dimeric dimerize dimerise dimerizes dimerises dimerized dimerised dimerising dimerizing dimerization dimity dimities dirigible dirigibles disa disas disaccharide dismast dismasts dismasted dismasting dolce dongle dongles doodah dopaminergic dopaminergically douche doughboy doughboys driveshaft driveshafts duckweed duckweeds duodecimo duple durian durians dystopia dystopian dystrophin echocardiograph echocardiography echocardiographies echocardiographic echocardiographer eclogue eclogues ectoparasite ectoparasites ectoparasitic eggplant eggplants electroencephalograph electroencephalographic electroencephalographically electroencephalographer electroencephalography electromyograph electromyographic electromyographically electromyography electrophoretic electrophorese electrophoric electrophorically electrophysiological electrophysiologically electrophysiologist electrophysiology electroweak eluate embonpoint emmental empennage empennages endocytosis endocytotic endothermic endothermically enfilade enfilades enfiladed enfilading enkephalin entasis entases enteral enterally enteron enteritis enteritides enteritises enuresis enuretic eosin eosine eosinophilic epigastric epitaxial epitaxially epitaxy equipoise erythronium erythropoietin escherichia ester esters esterase etiolate etiolates etiolated etiolating etiolation eubacterium eubacteria eubacterial eustatic eutrophic eutrophy eutrophication evapotranspiration exeunt exocrine extrachromosomal extrachromosomally extrahepatic extrahepatically extrajudicial extrajudicially extravasate extravasates extravasated extravasating extravasation eyebright eyebrights factorise factorises factorised factorising factorisation factorize factorizes factorized factorizing factorization fairweather falstaffian farrow farrows farrowed farrowing farthingale farthingales fascicle fascicles fascicled fathead fatheads fatheaded fatheadedly fatheadness ferritin ferromagnetic ferromagnet ferromagnetism fettucine feverfew fibroid fibroids fibrotic fieldfare fieldfares fieldmouse fieldmice figleaf firkin firkins fishtail fishtails fishtailde fishtailing flagellum flagella flagellums flagellist flagellistic flagellism flapjack flapjacks flashcard flashcards flatfoot flatfoots flatfeet flatus flense flenses flenseed flensing flibbertigibbet flibbertigibbety flipflop flipflops flipflopped flipflopping flitch flitches flowchart flowcharts flugelhorn flugelhorns flugelhornist fluoroscopy fluoroscope fluoroscopic fluoroscopically fluoroscopist fluoroscopists fluorspar flyblown flyway flyways forequarter forequarters forestay forestays forsooth freestone frogmouth frogmouths frottage fruitbat fruitbats fruitfly fruitflies fullerene furbish furbishes furbished furbishing furbisher furbishers gabbro gabbros gabbroic galenic galenical galette galettes galleria gamba gaslight gaslights gaslit gasmask gasmasks gastrectomy gastrectomies gastrostomy gastrostomies gastrulate gastrulates gastrulated gastrulating gastrulation gastrula gatefold gatefolds gean geans gefilte genet genets geniculate geniculated genitourinary geocentric geocentrically geocentrism geomorphic geomorphological gerenuk gerenuks gerontocracy gerontocracies gerontocrat gerontocrats gerontocratic ghat ghats gibbous gillyflower gillyflowers glaciology glaciological glaciologist glaciologists glauconite glauconitic glebe glebes globulin globulins glomerular glomerulus glomeruli glucocorticoid glucocorticoids glycerin gnu gnus goitre goitres goiter goiters goldcrest goldcrests googly googlies gorged gorging gorgonian gotterdammerung gramscian granodiorite granodioritic gravid gravidity greaseball greaseballs greyscale greyscales gricean grimoire grosgrain grosgrains grossed grosses grossed grossing grouch grouches grouched grouching grundyism guidon guidons gulch gulches gumshield gumshields guttersnipe guttersnipes guttersnipish gyrfalcon gyrfalcons haematopoietic hematopoietic hemopoietic haemopoietic haemostasis hemostasis halothane hammed hamming handbill handbills handelian hangdog hangnail hangnails hangup hangups hardpressed hardtop harelip harelips harped harping harrumph harrumphs harrumphed harrumphing hautboy hautboys hautbois hawkmoth hawkmoths haycock haycocks helianthemum helichrysum hellcat hellcats helpdesk hepatotoxicity hexafluoride hierophant hierophants hierophantic highball highballs highroad highroads hissy hissies hitlist hitlists hoick hoicks hoicked hoicking hoke hokes hokeed hoking hokey hokier hokiest hokily hokeyness hokiness holstein holsteins homburg homburgs homopolymer homopolymeric hoofprint hoofprints hooky hookey hookies hookeys hoplite hoplites hornblende hornblendic horsefly horseflies horseplay hotcake hotcakes hothead hotheads hotheaded hotheadedly hotheadedness hotpants housewarming hunchback hunchbacked hunkydory hydrochlorofluorocarbon hydrochlorofluorocarbons hydrodynamic hydrodynamics hydrodynamical hydrodynamically hydrogel hydrogels hydroid hydrozoan hydrometer hydrometric hydrothermal hydrothermally hygroscopic hygroscopicity hyoid hyperbola hyperbolas hyperbolae hyperlipidaemia hyperlipidemia hypocalcaemia hypocalcemia hypopharynx hypostyle hypothecate hypothecates hypothecating hypothecated hypothecation hypothecator hypoxic hypoxia ibidem ibuprofen ichneumon ichneumons ichthyology ichthyologist ichthyological ichthyologically ichthyosaur ichthyosaurian ignimbrite iguanodon iguanodons ileus immunochemistry immunochemical immunochemically immunochemist immunocompetent immunocompetence immunogenic immunogenesis immunogenicity immunoprecipitate immunoprecipitates immunoprecipitated immunoprecipitating immunoprecipitation immunosuppress immunosuppressant immunosuppressive improvise improvises improvised improvising improvisation improvisational improv inadvertant inadvertance inadvertantly incunabulum incunabula indiaman indiction indictions indurate indurates indurated indurating infibulation infusoria inositol instar insufflate insufflates insufflated insufflating insufflation insufflator intension intensional intensionally intensionality intercostal interoperable interoperabilty intragenic ipecac ipecacuanha ironclad ismaili isoniazid isopod isothiocyanate jackass jackasses jacobin jacobins jacobinism jeroboam jeroboams jonquil jonquils julienne juliennes jurassic kabuki kapellmeister kapellmeisters kazoo kazoos ketoacidosis kibosh kiboshes kiboshed kiboshing kickoff kilohertz kingwood kirlian klan klansman klansmen klaniam kleptomaniac kleptomania kneecap kneecaps kneecapped kneecapping kneejerk komodo kopek kopeck kopeks kopecks kraal kraals kyrie lambent lambently lambrusco lanthanide lanthanoid lanthanon lapdog lapdogs larrikin larrikins lateralise lateralised lateralising lateralisation lateralize lateralized lateralizing lateralization laundromat laundromats lecithin leftie lefties legerdemain leghold leishmania leishmaniasis leishmaniases lepidoptera lepidopteron lepidopterons lepidopteran lepidopterous lexeme lexemes lignum lilium limonite limonitic linotype lipolytic lipolysis lipopolysaccharide lipopolysaccharides lithify lithifies lithified lithifying lithification litterbug litterbugs litterbugging lobworm lobworms logwood logwoods longjohns longshoreman longshoremen lookup lookups lory lories lowed lowing lumpfish lycopodium lymphadenitis lymphokine macerate macerates macerated macerating maceration macerator macerators madeleine madeleines maenad maenadic magnesia magnesian magnetron magnetrons malediction maledictory malfeasance malmsey manioc mandioc mandioca marabou marabout marabous marabouts maraschino maraschinos martlet martlets matchmaking matchmaker matchmakers mayhap meerschaum megalopolis megalopolitan megastardom megastar megastars melaena melena melanocyte melia melisma melismata melismatic meme memes menhir menhirs menorrhagia mensa mephistophelean mephistophelian mephitic merlon merlons merovingian mesoderm mesodermal metempsychosis metope metopes mezzo mezzos microcephalous microcephalic millstream millstreams milometer mileometer milometers mileometers mimeograph mimeographs mimeographed mimeographing mitogen mitogenic mitogenicity mizzen mizen mizzens mizens mockingbird mockingbirds molto mononucleosis monstrance monstrances mosh moshes moshed moshing mouser mousers mucilage multifold muntjac muntjacs murrain muscarinic myasthenia myasthenic mycelium mycelia mycelial mycotoxin mycotoxins myoclonus myoclonic myotonia myotonic mythopoeia mythopoeic mythopoetic mythopoetical myxoedema myxedema nada narcolepsy narcolepsies narcoleptic narcosis narcoses nasopharynx naturopathy naturopathic naturopath naturopaths neocortex neroli neuroblastoma neuroblastomas neuroblastomata neurochemistry neurochemical neurochemist neuroleptic neuropeptide nicotinamide niacinamide nifedipine nighthawk nighthawks nitrification nociceptor nociceptors nociceptive noctuid noctuids nooky nookie noradrenaline noradrenalin noseband noumenon noumena noumenal nucleon nucleons nystagmus nystagmic oblate oblateness obligato obbligato offprint offprints oligotrophic oncogenic oncogenicity ophthalmoscope ophthalmoscopic ophthalmoscopy opthalmic organon organons orison orisons orrery orreries orthodontic orthodontics orthodontically orthodontist orthopaedics orthopedics orthopaedist orthopedist orthophosphate osmol osmols milliosmols osmolarity osmolarities osmolar ossuary ossuaries outbreed outbreeds outbred outbreeding ovule ovules oxymoron oxymorons oxymora oxymoronic oxymoronically paintball palaver palfrey palfreys palmistry palynology palynological palynologically palynologist palynologists pandanus pandani panglossian panhandle panhandles panhandled panhandling panhandler panhandlers panne paperboy paperboys paraesthesia paresthesia paraesthetic paresthetic paramagnet paramagnetic paramagnetically parasitaemia parasitemia paregoric parquetry parquetries parqueterie parqueteries pathognomonic patronym patronymic pavan pavane pavans pavanes pearmain pearmains pediatrics pedicure pedicures pedicurist pedicurists pegmatite pegmatitic pelf pentangle pentangles pentimento pentimenti percale percutaneous percutaneously periphrasis periphrases periphrastic permittivity peronism peronist perspicuity perspicuous perspicuously perspicuousness perspicuity petechiae petechia petechial petrarchan petrodollar petrodollars petrology petrologic petrologically petrologist pettish pettishly pettishness phanerozoic pharyngitis pharyngitides phenothiazine phenylalanine phosgene phosgenes phosphine phosphines phototherapy phototherapeutic phylloxera physicochemical physicochemically pieris pietistic pietistically pietism pileup pileups pineau pinger pingers pinko pinkos pinkoes pipefish pitstop pitstops plash plashes plashed plashing platy platys platies plesiosaur plesiosaurus ploidy poetaster poetasters polyacrylamide polychaete polychete polyhedral polyhedron polytetrafluoroethylene pomelo pomelos pummelo pummelos pondweed powerbroker powerbrokers precis preload preloads preloaded preloading premolar premolars preprandial preprint preprinted preprinting prepublish prepublished prepublishing preseason preseasons presentment pressor pressors preterite preterit primavera printhead printheads procumbent prompter teleprompter propionic protectorship proteoglycan proteolysis proustian prussic psychomotor pudendum pudendal pudenda pulitzer pulitzers pulsatilla pulsatillas pursuivant pursuivants pushrod pushrods pussyfoot pussyfoots pussyfooted pussyfooting pussyfooter pussyfooters ranitidine recension recensions reticulocyte reticulocytes revanche revanchist revanchism revenant rheum rhodopsin ribose ripcord ripcords roadrunner roadrunners roue roues roundtable ruddle ruddles ruddled ruddling sacristan sacristans saddleback saddlebacks sagittal sagittally salsify salsifies sandbar sandbars sandblast sandblasts sandblasted sandblasting sandboy saponification sapped sapping sapwood saraband satisfice satisfices satisficed satisficing sawbones scatterbrained schlock shlock schtick shtik schtick shtick screenprint screenprints scrimshaw scumble semibreve semibreves semiology semiological servomechanism servomechanisms sessile shantung shavian sheldrake shelduck shellshock shellshocked shiksa shirty shirtier shirtiest shithead shitheads showerhead showerheads shufti sidebar sidebars sideslip sideslips sigmoid sigmoidal simulcast simulcasts simulcasting singalong singalongs sinter sinters sintered sintering sirrah skidoo skidoos skipjack skipjacks skyrocket skyrockets skyrocketed skyrocketin slake slakes slaked slaking slantwise slugger sluggers snakehead snakehead snakeheads snook snooks snowmobile snowmobiles snowmobiled snowmobiling snowmobiler snowmobilers sodality sodalities somateria sonicate sonicates sonicated sonicating sonication sonogram sonograms sozzled spacey spacier spaciest spatiotemporal spatiotemporally spermatogenesis spermatogenic spiller spillers spinel spinelle spinoff sprit sprits sprue squiffy squiffed squinch squinches squinched squinching stagefright stalag stalags standalone starfruit steakhouse stereochemistry stereochemical stereography stereographic stereotactic stereotactically stipe stiped stockpot stockpots stocktake stocktaking stomacher stomachers stonewall stonewalls stonewalled stonewalling stonewaller stonewallers stonewash stonewashes stonewashed stonewashing stonewasher stonewashers stope stopes stormcloud stormclouds strabismus strabismic stradivarius stradivarii strongbox strongboxes strophe strophes strophic subassembly subassemblies submucosa submucosal subtenancy subtenant succubus succuba succubi sugarbeet sugarbeets sugarloaf sulcus sulci summa summae sumpter sumpters sunder sunders sundered sundering sundowner sundowners suntrap suntraps swearword swearwords swiftlet swiftlets swizzle swizzles symphysis syncope tablature tachometer tachometers tailpipe tailpipes talus tanager tanagers tanktop tanktops tantric tantrism tantrist tarantella tarantelle tarsal tattle tattles tattled tattling tattler tattlers telluride tellurium tenderloin tenderloins teredo teredos tergiversation teriyaki tessitura tetralogy thalassaemia thalassemia thalassotherapy theodicy theodicies theophylline thermion thermions thermionic thermistor thermistors thermosetting thornback vthornbacks threadworm threadworms thylacine thylacines thyrotoxicosis thyroxine thyroxin timewarp timewarped tipoff tipoffs toccata toccatas tocsin tocsins toluidine torchbearer torchbearers tourmaline toxicodendron toxoplasma toxoplasmic trapezius tribology tribological tribologist tricuspid trimaran trimarans trimethoprim trophoblast trophoblasts trumpery tryptic trypsin tubifex tumescence tumescent tumorigenic tumorigenesis tumorigenicity tunicate tunicated turbidite turgor ultralight ultralights ultramontane ultramontanism uncool uridine vacuolation vagal vagally vagus valorize valorizes valorized valorization valorise valorises valorised valorisation vapid vapidness vapidity vapidities vaquero vaqueros varve varved vasoconstrictor vasoconstrictive velar venule verboten vermicelli veronal vervain virgilian vergilian vitalism vitalist vitalistic vitrine vitrines voluptuary voluptuaries vorticist vorticism vouvray vulpine waddy waddies wain wains wassail wassails wassailed wassailing waterbuck waterbucks whiffle whiffles whiffled whiffling whimbrel whippersnapper whippersnappers whitebait whiteboard whiteboards whitefish whiteout whiteouts whiteouted whiteouting whitewater whup whups whupped whupping willowherb windbreaker windbreakers windfarm windfarms windjammer windjammers windsock windsocks wiretap wiretaps wiretapped wiretapping wittgensteinian wolfram woosh wooshes wooshed wooshing wormhole wormholes yammer yammers yammered yammering zeugma zygomatic